Inventarisnr.;;Inv.srt,Omschrijving,Straat,Thv,Deelgem.;Mutdatum
FT1,FT,Fietstrommel,ESSENBURGSNGL,9,Delfshaven,19-5-2010
FT10,FT,Fietstrommel,PANNEKOEKSTR,97,Centrum,7-6-2009
FT100,FT,Fietstrommel,SCHIEKD,155,Noord,8-7-2010
FT101,FT,Fietstrommel,SCHIEKD,55,Noord,8-7-2010
FT102,FT,Fietstrommel,NOORDSNGL,72,Noord,8-7-2010
FT103,FT,Fietstrommel,SCHEPENSTR,48,Noord,8-7-2010
FT104,FT,Fietstrommel,SCHEPENSTR,34,Noord,8-7-2010
FT105,FT,Fietstrommel,S GRAVENDYKWAL,24,Centrum,8-7-2010
FT106,FT,Fietstrommel,K BAJONETSTR,4,Centrum,8-7-2010
FT107,FT,Fietstrommel,BREITNERSTR,115,Centrum,20-4-2011
FT108,FT,Fietstrommel,MAASKD,146,Feijenoord,8-7-2010
FT109,FT,Fietstrommel,AKELEISTR,17,Centrum,8-7-2010
FT11,FT,Fietstrommel,KORTENAERSTR,1,Centrum,7-6-2009
FT110,FT,Fietstrommel,ROCHUSSENSTR,105,Centrum,8-7-2010
FT111,FT,Fietstrommel,W DE WITHHOF,4,Centrum,7-6-2009
FT112,FT,Fietstrommel,ORCHIDEESTR,4,Hillegersberg,7-6-2009
FT113,FT,Fietstrommel,SAENREDAMPLN,7,Overschie,8-7-2010
FT114,FT,Fietstrommel,SAENREDAMPLN,7,Overschie,8-7-2010
FT115,FT,Fietstrommel,GR FLORISSTR,22,Delfshaven,8-7-2010
FT116,FT,Fietstrommel,GR FLORISSTR,100,Delfshaven,16-7-2010
FT117,FT,Fietstrommel,GR FLORISSTR,50,Delfshaven,7-6-2009
FT118,FT,Fietstrommel,BEUKELSDK,14,Delfshaven,8-7-2010
FT119,FT,Fietstrommel,C DE VRIESELN,64,Delfshaven,7-6-2009
FT12,FT,Fietstrommel,ENGELSESTR,135,Delfshaven,7-6-2009
FT120,FT,Fietstrommel,MATHENESSERLN,244,Delfshaven,7-6-2009
FT121,FT,Fietstrommel,MATHENESSERLN,362,Delfshaven,8-7-2010
FT122,FT,Fietstrommel,SCHIETBAANLN,182,Delfshaven,8-7-2010
FT123,FT,Fietstrommel,V CITTERSSTR,44,Delfshaven,8-7-2010
FT124,FT,Fietstrommel,MATHENESSERLN,424,Delfshaven,8-7-2010
FT125,FT,Fietstrommel,BURG MEINESZLN,9,Delfshaven,8-7-2010
FT126,FT,Fietstrommel,ESSENBURGSNGL,125,Delfshaven,8-7-2010
FT127,FT,Fietstrommel,MATHENESSERDK,390,Delfshaven,8-7-2010
FT128,FT,Fietstrommel,STATIONSSNGL;;;8-7-2010
FT129,FT,Fietstrommel,NOORDSNGL,146,Noord,8-7-2010
FT13,FT,Fietstrommel,ENGELSESTR,135,Delfshaven,7-6-2009
FT130,FT,Fietstrommel,NOORDERHAVENKD,111,Noord,8-7-2010
FT131,FT,Fietstrommel,NOORDERHAVENKD,113,Noord,8-7-2010
FT132,FT,Fietstrommel,LUMEYSTR,13,Noord,8-7-2010
FT133,FT,Fietstrommel,BOISOTSTR,16,Noord,8-7-2010
FT134,FT,Fietstrommel,STATENSNGL,136,Noord,8-7-2010
FT135,FT,Fietstrommel,SCHIEBROEKSELN,54,Noord,8-7-2010
FT136,FT,Fietstrommel,SCHIEBROEKSELN,63,Noord,8-7-2010
FT137,FT,Fietstrommel,PUTSELN,218,Feijenoord,8-7-2010
FT138,FT,Fietstrommel,DORDTSELN,92,Feijenoord,8-7-2010
FT139,FT,Fietstrommel,PUTSEBOCHT,194,Feijenoord,10-8-2010
FT14,FT,Fietstrommel,C DE VRIESELN,41,Delfshaven,6-7-2010
FT140,FT,Fietstrommel,MAASKD,137,Feijenoord,8-7-2010
FT141,FT,Fietstrommel,MAASKD,80,Feijenoord,8-7-2010
FT142,FT,Fietstrommel,MAASKD,137,Feijenoord,8-7-2010
FT143,FT,Fietstrommel,MAASKD,102,Feijenoord,8-7-2010
FT144,FT,Fietstrommel,GOEDE HOOPSTR,40,Feijenoord,8-7-2010
FT145,FT,Fietstrommel,DIERGAARDESNGL,90,Centrum,8-7-2010
FT146,FT,Fietstrommel,DIERGAARDESNGL,90,Centrum,8-7-2010
FT147,FT,Fietstrommel,KRALINGSE PLASLN,91,Kralingen/Crooswijk,8-7-2010
FT148,FT,Fietstrommel,CROOSWYKSESNGL,16,Kralingen/Crooswijk,8-7-2010
FT149,FT,Fietstrommel,JERICHOLN,81,Kralingen/Crooswijk,8-7-2010
FT15,FT,Fietstrommel,C DE VRIESELN,41,Delfshaven,7-6-2009
FT150,FT,Fietstrommel,1E JERICHOSTR,93,Kralingen/Crooswijk,8-7-2010
FT151,FT,Fietstrommel,1E JERICHOSTR,91A,Kralingen/Crooswijk,8-7-2010
FT152,FT,Fietstrommel,DORPSWG,53,Charlois,8-7-2010
FT153,FT,Fietstrommel,OOSTVOORNSESTR,9,Charlois,8-7-2010
FT154,FT,Fietstrommel,SAFTLEVENSTR,2,Centrum,8-7-2010
FT155,FT,Fietstrommel,V BYLANDTPLAATS,36,Centrum,8-7-2010
FT156,FT,Fietstrommel,SCHEEPSTIMMERM LN,27,Centrum,8-7-2010
FT157,FT,Fietstrommel,KORTENAERSTR,32,Centrum,8-7-2010
FT158,FT,Fietstrommel,VEERKD,5,Centrum,8-7-2010
FT159,FT,Fietstrommel,VEERKD,5,Centrum,8-7-2010
FT16,FT,Fietstrommel,C DE VRIESELN,43,Delfshaven,7-6-2009
FT160,FT,Fietstrommel,WESTERSTR,24,Centrum,8-7-2010
FT161,FT,Fietstrommel,WYNHAVEN,19,Centrum,8-7-2010
FT162,FT,Fietstrommel,STATIONSSNGL,91,Noord,19-7-2011
FT163,FT,Fietstrommel,WESTZEEDK,341,Centrum,16-9-2010
FT164,FT,Fietstrommel,BLEKERSTR,8,Centrum,30-5-2012
FT165,FT,Fietstrommel,GOUDSESNGL,266,Centrum,8-7-2010
FT166,FT,Fietstrommel,ORANJESTR,29,Overschie,8-7-2010
FT167,FT,Fietstrommel,BREITNERSTR,17-A,Centrum,8-7-2010
FT168,FT,Fietstrommel,BREITNERSTR,17-A,Centrum,8-7-2010
FT169,FT,Fietstrommel,ROCHUSSENSTR,29,Centrum,8-7-2010
FT17,FT,Fietstrommel,C DE VRIESELN,52,Delfshaven,7-6-2009
FT170,FT,Fietstrommel,ROCHUSSENSTR,31,Centrum,8-7-2010
FT171,FT,Fietstrommel,ROCHUSSENSTR,33,Centrum,8-7-2010
FT172,FT,Fietstrommel,ROCHUSSENSTR,35,Centrum,8-7-2010
FT173,FT,Fietstrommel,KRALINGSE PLASLN,Kralingen/Crooswijk,8-7-2010
FT174,FT,Fietstrommel,2E JERICHOSTR,15,Kralingen/Crooswijk,8-7-2010
FT175,FT,Fietstrommel,2E JERICHOSTR,15,Kralingen/Crooswijk,8-7-2010
FT176,FT,Fietstrommel,JERICHOLN,95,Kralingen/Crooswijk,8-7-2010
FT177,FT,Fietstrommel,WOLPHAERTSBOCHT,355,Charlois,8-7-2010
FT178,FT,Fietstrommel,MYNSHERENLN,123,Charlois,8-7-2010
FT179,FT,Fietstrommel,BOERGOENSESTR,56,Charlois,8-7-2010
FT18,FT,Fietstrommel,PUTSEBOCHT,135A,Feijenoord,6-7-2010
FT180,FT,Fietstrommel,STREVELSWG,134,Feijenoord,8-7-2010
FT181,FT,Fietstrommel,RANDWG,106,Feijenoord,3-1-2012
FT182,FT,Fietstrommel,RANDWG,136,Feijenoord,8-7-2010
FT183,FT,Fietstrommel,HILLEDK,265,Feijenoord,8-7-2010
FT184,FT,Fietstrommel,VD TAKSTR,35,Feijenoord,8-7-2010
FT185,FT,Fietstrommel,PR HENDRIKKD,114,Feijenoord,8-7-2010
FT186,FT,Fietstrommel,PR HENDRIKKD,114,Feijenoord,8-7-2010
FT187,FT,Fietstrommel,PR HENDRIKKD,153,Feijenoord,8-7-2010
FT188,FT,Fietstrommel,BREITNERSTR,93,Centrum,8-7-2010
FT189,FT,Fietstrommel,JACOBUSSTR,191,Centrum,8-7-2010
FT19,FT,Fietstrommel,W VARKENOORDSEWG,139,Feijenoord,8-7-2011
FT190,FT,Fietstrommel,BAAN,50,Centrum,8-7-2010
FT191,FT,Fietstrommel,BAAN,50,Centrum,3-8-2012
FT192,FT,Fietstrommel,ST MARIASTR,114,Centrum,7-6-2009
FT193,FT,Fietstrommel,V VOLLENHOVENSTR,34,Centrum,7-6-2009
FT194,FT,Fietstrommel,HAAGSEVEER,94,Centrum,7-6-2009
FT195,FT,Fietstrommel,STATENSNGL,177,Noord,7-6-2009
FT196,FT,Fietstrommel,SCHEPENSTR,99,Noord,7-6-2009
FT197,FT,Fietstrommel,SCHEPENSTR,99,Noord,8-7-2010
FT198,FT,Fietstrommel,BESEMERSTR,4,Noord,7-6-2009
FT199,FT,Fietstrommel,BESEMERSTR,4,Noord,7-6-2009
FT2,FT,Fietstrommel,ESSENBURGSNGL,8,Delfshaven,6-7-2010
FT20,FT,Fietstrommel,BREEWG,16,Feijenoord,8-7-2011
FT200,FT,Fietstrommel,BYLWERFFSTR,13,Noord,7-6-2009
FT201,FT,Fietstrommel,BYLWERFFSTR,33,Noord,7-6-2009
FT202,FT,Fietstrommel,BYLWERFFSTR,45,Noord,13-7-2010
FT203,FT,Fietstrommel,VROESENLN,54,Noord,13-7-2010
FT204,FT,Fietstrommel,VROESENLN,54,Noord,7-6-2009
FT205,FT,Fietstrommel,J V TROYENSTR,3,Noord,7-6-2009
FT206,FT,Fietstrommel,SCHEPENSTR,76,Noord,7-6-2009
FT207,FT,Fietstrommel,SCHEPENSTR,80,Noord,7-6-2009
FT208,FT,Fietstrommel,BLOMMERSDYKSELN,35,Noord,7-6-2009
FT209,FT,Fietstrommel,J CATSSTR,27,Noord,7-6-2009
FT21,FT,Fietstrommel,ZESTIENHOVENSTR,34a,Noord,7-6-2009
FT210,FT,Fietstrommel,V BEUNINGENSTR,9,Noord,26-4-2011
FT211,FT,Fietstrommel,NOBELSTR,69,Noord,7-6-2009
FT212,FT,Fietstrommel,NOBELSTR,69,Noord,7-6-2009
FT213,FT,Fietstrommel,BERGSELN,295,Noord,13-7-2010
FT214,FT,Fietstrommel,A KUYPERLN,80,Noord,30-5-2012
FT215,FT,Fietstrommel,HEEMSTEESTR,111,Noord,13-7-2010
FT216,FT,Fietstrommel,1E PYNACKERSTR,139,Noord,13-7-2010
FT217,FT,Fietstrommel,BYLWERFFSTR,11,Noord,7-6-2009
FT218,FT,Fietstrommel,VROESENLN,73-75,Noord,13-7-2010
FT219,FT,Fietstrommel,BYLWERFFSTR,65,Noord,7-6-2009
FT22,FT,Fietstrommel,OOSTMAASLN,125,Kralingen/Crooswijk,7-6-2009
FT220,FT,Fietstrommel,SCHEPENSTR,108,Noord,7-6-2009
FT221,FT,Fietstrommel,SCHIEKD,7,Noord,7-6-2009
FT222,FT,Fietstrommel,SCHIEKD,7,Noord,7-6-2009
FT223,FT,Fietstrommel,STATIONSSNGL,65,Noord,7-6-2009
FT224,FT,Fietstrommel,DIERGAARDESNGL,55,Centrum,7-6-2009
FT225,FT,Fietstrommel,S GRAVENDYKWAL,80,Centrum,13-7-2010
FT226,FT,Fietstrommel,AEGIDIUSSTR,88,Kralingen/Crooswijk,7-6-2009
FT227,FT,Fietstrommel,1E JERICHOSTR,76,Kralingen/Crooswijk,7-6-2009
FT228,FT,Fietstrommel,MILLINXSTR,126,Charlois,13-7-2010
FT229,FT,Fietstrommel,MYNSHERENLN,160,Charlois,13-7-2010
FT23,FT,Fietstrommel,OOSTMAASLN,123,Kralingen/Crooswijk,7-6-2009
FT230,FT,Fietstrommel,PR HENDRIKLN,38,Feijenoord,7-6-2009
FT231,FT,Fietstrommel,VD TAKSTR,118,Feijenoord,7-6-2009
FT232,FT,Fietstrommel,PERSOONSSTR,65,Feijenoord,13-7-2010
FT233,FT,Fietstrommel,MILLINXSTR,110,Charlois,7-6-2009
FT234,FT,Fietstrommel,MILLINXSTR,110,Charlois,7-6-2009
FT235,FT,Fietstrommel,PR MAURITSSNGL,21,Overschie,7-6-2009
FT236,FT,Fietstrommel,A CUYPSTR,2,Overschie,13-7-2010
FT237,FT,Fietstrommel,DE LORMESTR,3,Overschie,7-6-2009
FT238,FT,Fietstrommel,DE LORMESTR,3,Overschie,7-6-2009
FT239,FT,Fietstrommel,BUTTERVLIETSTR,13,Overschie,13-7-2010
FT24,FT,Fietstrommel,OOSTMAASLN,123,Kralingen/Crooswijk,7-6-2009
FT240,FT,Fietstrommel,SAENREDAMPLN,5,Overschie,13-7-2010
FT241,FT,Fietstrommel,SAENREDAMPLN,5,Overschie,13-7-2010
FT242,FT,Fietstrommel,PROF BOLKLN,10,Overschie,7-6-2009
FT243,FT,Fietstrommel,T JACOBALN,2,Overschie,7-6-2009
FT244,FT,Fietstrommel,BURG BOSSTR,51,Overschie,7-6-2009
FT245,FT,Fietstrommel,BURG BOSSTR,73,Overschie,7-6-2009
FT246,FT,Fietstrommel,ZESTIENHOVENSEKD,5,Overschie,7-6-2009
FT247,FT,Fietstrommel,P V ASCHSTR,45,Overschie,13-7-2010
FT248,FT,Fietstrommel,P V ASCHSTR,22,Overschie,7-6-2009
FT249,FT,Fietstrommel,SCHIELN,23,Overschie,7-6-2009
FT25,FT,Fietstrommel,BREITNERSTR,89 a,Centrum,7-6-2009
FT250,FT,Fietstrommel,ZESTIENHOVENSEKD,250,Overschie  ,7-6-2009
FT251,FT,Fietstrommel,CLEYBURCHSTR,48,Noord,13-7-2010
FT252,FT,Fietstrommel,VD DUSSENSTR,10,Noord,13-7-2010
FT253,FT,Fietstrommel,VD DUSSENSTR,12,Noord,7-6-2009
FT254,FT,Fietstrommel,BYLWERFFSTR,20,Noord,13-7-2010
FT255,FT,Fietstrommel,SOURYSTR,50,Noord,7-6-2009
FT256,FT,Fietstrommel,SOURYSTR,50,Noord,13-7-2010
FT257,FT,Fietstrommel,NOORDERHAVENKD,31,Noord,7-6-2009
FT258,FT,Fietstrommel,NOORDERHAVENKD,65,Noord,7-6-2009
FT259,FT,Fietstrommel,SONMANSSTR,138,Noord,13-7-2010
FT26,FT,Fietstrommel,BREITNERSTR,109 c,Centrum,7-6-2009
FT260,FT,Fietstrommel,SONMANSSTR,140,Noord,13-7-2010
FT261,FT,Fietstrommel,NOBELSTR,101,Noord,13-7-2010
FT262,FT,Fietstrommel,DE KEMPENAERSTR,12,Noord,13-7-2010
FT263,FT,Fietstrommel,LUZACSTR,2,Noord,7-6-2009
FT264,FT,Fietstrommel,KERDYKSTR,16,Noord,1-4-2011
FT265,FT,Fietstrommel,BERGSELN,277,Noord,13-7-2010
FT266,FT,Fietstrommel,BERGSELN,305,Noord,13-7-2010
FT267,FT,Fietstrommel,BERGSELN,338,Noord,7-6-2009
FT268,FT,Fietstrommel,BERGSELN,364,Noord,13-7-2010
FT269,FT,Fietstrommel,SCHIEWG,104,Noord,13-7-2010
FT27,FT,Fietstrommel,OCHTERVELTSTR,23,Centrum,7-6-2009
FT270,FT,Fietstrommel,SCHIEWG,117,Noord,7-6-2009
FT271,FT,Fietstrommel,STADHOUDERSWG,86,Noord,13-7-2010
FT272,FT,Fietstrommel,NOLENSSTR,69,Noord,13-7-2010
FT273,FT,Fietstrommel,NOLENSSTR,47,Noord,13-7-2010
FT274,FT,Fietstrommel,DOEZASTR,17,Noord,13-7-2010
FT275,FT,Fietstrommel,STATENSNGL,48,Noord,13-7-2010
FT276,FT,Fietstrommel,STATENSNGL,48,Noord,13-7-2010
FT277,FT,Fietstrommel,STATENSNGL,29,Noord,13-7-2010
FT278,FT,Fietstrommel,STATIONSSNGL,107,Noord,13-7-2010
FT279,FT,Fietstrommel,STATIONSSNGL,97,Noord,13-7-2010
FT28,FT,Fietstrommel,OCHTERVELTSTR,48,Centrum,7-6-2009
FT280,FT,Fietstrommel,KL COOLSTR,11,Noord,7-6-2009
FT281,FT,Fietstrommel,SCHIEKD,764,Noord,13-7-2010
FT282,FT,Fietstrommel,SCHIEKD,42,Noord,13-7-2010
FT283,FT,Fietstrommel,NOORDSNGL,160,Noord,13-7-2010
FT284,FT,Fietstrommel,BERGWG,270,Noord,7-6-2009
FT285,FT,Fietstrommel,BERGWG,265,Noord,13-7-2010
FT286,FT,Fietstrommel,BESEMERSTR,12,Noord,13-7-2010
FT287,FT,Fietstrommel,G SCHOLTENSTR,80,Noord,7-6-2009
FT288,FT,Fietstrommel,WILLEBRORDUSSTR,168,Noord,7-6-2009
FT289,FT,Fietstrommel,BERGSNGL,133,Noord,7-6-2009
FT29,FT,Fietstrommel,ROCHUSSENSTR,101,Centrum,6-7-2010
FT290,FT,Fietstrommel,DE S LOHMANLN,90,Noord,13-7-2010
FT291,FT,Fietstrommel,BERGSNGL,96,Noord,7-6-2009
FT292,FT,Fietstrommel,GORDELWG,133,Noord,13-7-2010
FT293,FT,Fietstrommel,GORDELWG,133,Noord,7-6-2009
FT294,FT,Fietstrommel,GORDELWG,133,Noord,13-7-2010
FT295,FT,Fietstrommel,GORDELWG,123,Noord,13-7-2010
FT296,FT,Fietstrommel,GORDELWG,123,Noord,13-7-2010
FT297,FT,Fietstrommel,GORDELWG,123,Noord,7-6-2009
FT298,FT,Fietstrommel,BERKELSELN, 89/91,Noord,7-6-2009
FT299,FT,Fietstrommel,RODENRYSELN,37,Noord,13-7-2010
FT3,FT,Fietstrommel,ESSENBURGSNGL,15A,Delfshaven,6-7-2010
FT30,FT,Fietstrommel,ROCHUSSENSTR,107,Centrum,7-6-2009
FT300,FT,Fietstrommel,BERKELSELN,44,Noord,13-7-2010
FT301,FT,Fietstrommel,GORDELWG,104,Noord,13-7-2010
FT302,FT,Fietstrommel,GORDELWG,104,Noord,7-6-2009
FT303,FT,Fietstrommel,GORDELWG,104,Noord,7-6-2009
FT304,FT,Fietstrommel,DELFGAAUWSTR,29,Noord,13-7-2010
FT305,FT,Fietstrommel,RODENRYSELN,2,Noord,13-7-2010
FT306,FT,Fietstrommel,VRYENBANSESTR,17/29,Noord,13-7-2010
FT307,FT,Fietstrommel,VRYENBANSESTR,17/29,Noord,7-6-2009
FT308,FT,Fietstrommel,BERGSELN,126,Noord,13-7-2010
FT309,FT,Fietstrommel,NOBELSTR,113,Noord,7-6-2009
FT31,FT,Fietstrommel,BREITNERSTR,89 c,Centrum,7-6-2009
FT310,FT,Fietstrommel,LISSTR,2,Noord,13-7-2010
FT311,FT,Fietstrommel,ST AGATHASTR,9,Noord,13-7-2010
FT312,FT,Fietstrommel,WILLEBRORDUSPLN,23,Noord,13-7-2010
FT313,FT,Fietstrommel,SOETENDAALSEWG,91,Noord,13-7-2010
FT314,FT,Fietstrommel,SOETENDAALSEWG,91,Noord,18-3-2011
FT315,FT,Fietstrommel,BLOKLANDSTR,63,Noord,7-6-2009
FT316,FT,Fietstrommel,BLOKLANDSTR,67,Noord,13-7-2010
FT317,FT,Fietstrommel,J CATSSTR,45,Noord,7-6-2009
FT318,FT,Fietstrommel,SCHEPENSTR,76,Noord,7-6-2009
FT319,FT,Fietstrommel,SCHEPENSTR,76,Noord,7-6-2009
FT32,FT,Fietstrommel,KR ELLEBOOG,35,Centrum,6-7-2010
FT320,FT,Fietstrommel,OOSTZEEDK,163A,Kralingen/Crooswijk,13-7-2010
FT321,FT,Fietstrommel,OOSTZEEDK,25,Kralingen/Crooswijk,13-7-2010
FT322,FT,Fietstrommel,OOSTMAASLN,127,Kralingen/Crooswijk,13-7-2010
FT323,FT,Fietstrommel,OOSTMAASLN,127,Kralingen/Crooswijk,13-7-2010
FT324,FT,Fietstrommel,OOSTMAASSTR,5,Kralingen/Crooswijk,15-9-2010
FT325,FT,Fietstrommel,VOORSCHOTERLN,45,Kralingen/Crooswijk,13-7-2010
FT326,FT,Fietstrommel,PLANTAGEWG,5,Kralingen/Crooswijk,13-7-2010
FT327,FT,Fietstrommel,PLANTAGEWG,16,Kralingen/Crooswijk,13-7-2010
FT328,FT,Fietstrommel,PLANTAGEWG,17,Kralingen/Crooswijk,7-6-2009
FT329,FT,Fietstrommel,PLANTAGEWG,27,Kralingen/Crooswijk,13-7-2010
FT33,FT,Fietstrommel,2E JERICHOSTR,4,Kralingen/Crooswijk,7-6-2009
FT330,FT,Fietstrommel,PLANTAGEWG,35,Kralingen/Crooswijk,13-7-2010
FT331,FT,Fietstrommel,RAMLEHWG,38,Kralingen/Crooswijk,7-6-2009
FT332,FT,Fietstrommel,RAMLEHWG,30,Kralingen/Crooswijk,13-7-2010
FT333,FT,Fietstrommel,2E WANDELO DWSTR,7,Kralingen/Crooswijk,13-7-2010
FT334,FT,Fietstrommel,KRALINGSE PLASLN,92,Kralingen/Crooswijk,13-7-2010
FT335,FT,Fietstrommel,ROCHUSSENSTR,41,Centrum,13-7-2010
FT336,FT,Fietstrommel,DIERGAARDESNGL,19,Centrum,7-6-2009
FT337,FT,Fietstrommel,BOOMPJES,55/56,Centrum,13-7-2010
FT338,FT,Fietstrommel,PARKSTR,10,Centrum,13-7-2010
FT339,FT,Fietstrommel,ZALMHAVEN,19,Centrum,7-6-2009
FT34,FT,Fietstrommel,BERGWG,285,Noord,7-6-2009
FT340,FT,Fietstrommel,ZALMHAVEN,19,Centrum,7-6-2009
FT341,FT,Fietstrommel,WESTERSTR,24,Centrum,7-6-2009
FT342,FT,Fietstrommel,OOSTMAASSTR,5,Centrum,13-7-2010
FT343,FT,Fietstrommel,KLEIWG,265,Hillegersberg,13-7-2010
FT344,FT,Fietstrommel,MAASSTR,4,Centrum,13-7-2010
FT345,FT,Fietstrommel,MAASSTR,18,Centrum,13-7-2010
FT346,FT,Fietstrommel,HARINGVLIET,63,Centrum,13-7-2010
FT347,FT,Fietstrommel,OPPERT,Centrum,13-7-2010
FT348,FT,Fietstrommel,OPPERT,Centrum,13-7-2010
FT349,FT,Fietstrommel,MYNSHERENPLN,to 14,Charlois,18-1-2012
FT35,FT,Fietstrommel,VD MEYDESTR,29,Noord,7-6-2009
FT350,FT,Fietstrommel,MYNSHERENPLN,14,Charlois,18-1-2012
FT351,FT,Fietstrommel,BOOMGAARDHOF,33,Centrum,13-7-2010
FT352,FT,Fietstrommel,SCHIEDAMSESNGL,193,Centrum,13-7-2010
FT353,FT,Fietstrommel,KIPSTR,29,Centrum,13-7-2010
FT354,FT,Fietstrommel,SCHIEDAMSESNGL,191,Centrum,13-7-2010
FT355,FT,Fietstrommel,BREITNERSTR,98,Centrum,7-6-2009
FT356,FT,Fietstrommel,S GRAVENDYKWAL,26,Centrum,7-6-2009
FT357,FT,Fietstrommel,PRINSENHOF,25,Centrum,13-7-2010
FT358,FT,Fietstrommel,ROCHUSSENSTR,78,Centrum,7-6-2009
FT359,FT,Fietstrommel,STIELTJESSTR, 6e,Feijenoord,13-7-2010
FT36,FT,Fietstrommel,WALENBURGERWG,8,Noord,6-7-2010
FT360,FT,Fietstrommel,STIELTJESPLN,6,Feijenoord,13-7-2010
FT361,FT,Fietstrommel,DONKERSLOOTSTR,21,Feijenoord,13-7-2010
FT362,FT,Fietstrommel,L HILLEWG,229,Feijenoord,7-6-2009
FT363,FT,Fietstrommel,RYTUIGWG,1,Feijenoord,13-7-2010
FT364,FT,Fietstrommel,RYTUIGWG,1,Feijenoord,7-6-2009
FT365,FT,Fietstrommel,PRETORIALN,4,Feijenoord,13-7-2010
FT366,FT,Fietstrommel,W VARKENOORDSEWG,121,Feijenoord,17-11-2011
FT367,FT,Fietstrommel,KATENDRECHTSELN,61,Feijenoord,13-7-2010
FT368,FT,Fietstrommel,ZWYNDRECHTSESTR,28,Feijenoord,7-6-2009
FT369,FT,Fietstrommel,PUTSELN,240,Feijenoord,7-6-2009
FT37,FT,Fietstrommel,C DE VRIESELN,30,Delfshaven,7-6-2009
FT370,FT,Fietstrommel,GROENE HILLEDK,249,Feijenoord,13-7-2010
FT371,FT,Fietstrommel,GROENE HILLEDK,249,Feijenoord,13-7-2010
FT372,FT,Fietstrommel,MAASKD,82,Feijenoord,7-6-2009
FT373,FT,Fietstrommel,ROZEMARYNSTR,73,Feijenoord,8-7-2011
FT374,FT,Fietstrommel,SLAGHEKSTR,99,Feijenoord,7-6-2009
FT375,FT,Fietstrommel,RANDWG,79,Feijenoord,13-7-2010
FT376,FT,Fietstrommel,HILLEVLIET,68,Feijenoord,7-6-2009
FT377,FT,Fietstrommel,DONKERSLOOTSTR,135,Feijenoord,13-7-2010
FT378,FT,Fietstrommel,BEYERLANDSELN,15,Feijenoord,13-7-2010
FT379,FT,Fietstrommel,STREVELSWG,194,Feijenoord,13-7-2010
FT38,FT,Fietstrommel,R FRUINSTR,45,Delfshaven,7-6-2009
FT380,FT,Fietstrommel,STREVELSWG,192,Feijenoord,13-7-2010
FT381,FT,Fietstrommel,STREVELSWG,91,Feijenoord,14-7-2010
FT382,FT,Fietstrommel,SLEEPHELLINGSTR,12,Feijenoord,14-7-2010
FT383,FT,Fietstrommel,MAASKD,82,Feijenoord,7-6-2009
FT384,FT,Fietstrommel,MAASKD,155,Feijenoord,14-7-2010
FT385,FT,Fietstrommel,MAASKD,158,Feijenoord,14-7-2010
FT386,FT,Fietstrommel,MAASKD,160,Feijenoord,7-6-2009
FT387,FT,Fietstrommel,RANDWG,148,Feijenoord,14-7-2010
FT388,FT,Fietstrommel,PR HENDRIKLN,30,Feijenoord,14-7-2010
FT389,FT,Fietstrommel,PR HENDRIKKD,89,Feijenoord,14-7-2010
FT39,FT,Fietstrommel,ZWAERDECROONSTR,20,Delfshaven,7-6-2009
FT390,FT,Fietstrommel,PR HENDRIKKD,114,Feijenoord,14-7-2010
FT391,FT,Fietstrommel,LANGENHORST,255,Charlois,14-7-2010
FT392,FT,Fietstrommel,MOERKERKESTR,55,Charlois,14-7-2010
FT393,FT,Fietstrommel,GRUTTOSTR,55,Charlois,14-7-2010
FT394,FT,Fietstrommel,GEERVLIETSTR,9,Charlois,14-7-2010
FT395,FT,Fietstrommel,WEVERSHOEKSTR,37,Charlois,14-7-2010
FT396,FT,Fietstrommel,BOERGOENSESTR,66,Charlois,14-7-2010
FT397,FT,Fietstrommel,ZEGENSTR,89,Charlois,14-7-2010
FT398,FT,Fietstrommel,DAWESWG,20,Omoord,14-7-2010
FT399,FT,Fietstrommel,SCHIELN,23,Overschie,14-7-2010
FT4,FT,Fietstrommel,ESSENBURGSNGL,16B,Delfshaven,6-7-2010
FT40,FT,Fietstrommel,SCHIETBAANLN,128,Delfshaven,7-6-2009
FT400,FT,Fietstrommel,J LIGTHARTSTR,61,Feijenoord,14-7-2010
FT401,FT,Fietstrommel,YSCLUBSTR,69,Kralingen/Crooswijk,14-7-2010
FT402,FT,Fietstrommel,2E JERICHOSTR,11,Kralingen/Crooswijk,26-7-2011
FT403,FT,Fietstrommel,ESSENLN,16,Kralingen/Crooswijk,14-7-2010
FT404,FT,Fietstrommel,TAXUSSTR,3b,Kralingen/Crooswijk,14-7-2010
FT405,FT,Fietstrommel,R BAELDESTR,62,Kralingen/Crooswijk,7-6-2009
FT406,FT,Fietstrommel,GOUDSE RYWG,701,Kralingen/Crooswijk,14-7-2010
FT407,FT,Fietstrommel,P POTTERSTR,30,Kralingen/Crooswijk,14-7-2010
FT408,FT,Fietstrommel,TAXUSSTR,3b,Kralingen/Crooswijk,14-7-2010
FT409,FT,Fietstrommel,NOORDERHAVENKD,65,Noord,14-7-2010
FT41,FT,Fietstrommel,W BUYTEWECHSTR,120,Delfshaven,7-6-2009
FT410,FT,Fietstrommel,2E JERICHOSTR,15 B,Kralingen/Crooswijk,7-6-2009
FT411,FT,Fietstrommel,ZUIDHOEK,76,Charlois,14-7-2010
FT412,FT,Fietstrommel,ZUIDHOEK,269,Charlois,14-7-2010
FT413,FT,Fietstrommel,JERICHOLN,63,Kralingen/Crooswijk,14-7-2010
FT414,FT,Fietstrommel,JERICHOLN,63,Kralingen/Crooswijk,14-7-2010
FT415,FT,Fietstrommel,STATENSNGL,136,Noord,14-7-2010
FT416,FT,Fietstrommel,LUZACSTR,16,Noord,14-7-2010
FT417,FT,Fietstrommel,BORSELAARSTR,19,Charlois,26-1-2012
FT418,FT,Fietstrommel,AMELANDSEPLN,20,Charlois,7-6-2009
FT419,FT,Fietstrommel,PLEINWG,197,Charlois,7-6-2009
FT42,FT,Fietstrommel,W BUYTEWECHSTR,227,Delfshaven,7-6-2009
FT420,FT,Fietstrommel,BERGSELN,76,Noord,14-7-2010
FT421,FT,Fietstrommel,SONMANSSTR,138,Noord,14-7-2010
FT422,FT,Fietstrommel,SOURYSTR,50,Noord,14-7-2010
FT423,FT,Fietstrommel,WILLEBRORDUSPLN,23,Noord,14-7-2010
FT424,FT,Fietstrommel,ZESTIENHOVENSEKD,5,Overschie,7-6-2009
FT425,FT,Fietstrommel,BERGSE R ROTTEKD,hoek Prins Bernhard,Hillegersberg,14-7-2010
FT426,FT,Fietstrommel,PR MARGRIETLN,8,Hillegersberg,7-6-2009
FT427,FT,Fietstrommel,BYLWERFFSTR,26 hoek statenweg,Noord,14-7-2010
FT428,FT,Fietstrommel,DORDTSELN,66,Feijenoord,14-7-2010
FT429,FT,Fietstrommel,SCHALEKAMPPLN,onder Metrostation 25,Pernis,14-7-2010
FT43,FT,Fietstrommel,W BUYTEWECHSTR,213,Delfshaven,7-6-2009
FT430,FT,Fietstrommel,SCHALEKAMPPLN,onder Metrostation 25,Pernis,14-7-2010
FT431,FT,Fietstrommel,HOGERBEETSSTR,13,Noord,7-6-2009
FT432,FT,Fietstrommel,HOGERBEETSSTR,13,Noord,14-7-2010
FT433,FT,Fietstrommel,NOORDERHAVENKD,111,Noord,7-6-2009
FT434,FT,Fietstrommel,PROVENIERSPLN,3,Noord,22-2-2012
FT435,FT,Fietstrommel,PAETSSTR,4,Noord,14-7-2010
FT436,FT,Fietstrommel,SCHIEWG,61,Noord,7-6-2009
FT437,FT,Fietstrommel,UNGERPLN,15,Noord,7-6-2009
FT438,FT,Fietstrommel,WALENBURGERWG,120,Noord,7-6-2009
FT439,FT,Fietstrommel,DORDTSELN,64,Feijenoord,7-6-2009
FT44,FT,Fietstrommel,W BUYTEWECHSTR,50,Delfshaven,6-7-2010
FT440,FT,Fietstrommel,HENEGOUWERPLN,2,Delfshaven,7-6-2009
FT441,FT,Fietstrommel,HENEGOUWERPLN,2,Delfshaven,7-6-2009
FT442,FT,Fietstrommel,BREEWG,16,Feijenoord,7-6-2009
FT443,FT,Fietstrommel,BAKKERSTR, 29/31,Charlois,14-7-2010
FT444,FT,Fietstrommel,BENTINCKLN,29,Noord,14-7-2010
FT445,FT,Fietstrommel,RIEKEROORD,21,IJsselmonde,7-6-2009
FT446,FT,Fietstrommel,SPOORSNGL,48,Noord,7-6-2009
FT447,FT,Fietstrommel,STADHOUDERSWG,117,Noord,7-6-2009
FT448,FT,Fietstrommel,BERGSELN,328,Noord,7-6-2009
FT449,FT,Fietstrommel,PROVENIERSSTR,32,Noord,7-6-2009
FT45,FT,Fietstrommel,ROCHUSSENSTR,201,Delfshaven,7-6-2009
FT450,FT,Fietstrommel,A VD DOESLN,119,Hillegersberg,14-7-2010
FT451,FT,Fietstrommel,WEVERSHOEKSTR,65,Charlois,14-7-2010
FT452,FT,Fietstrommel,ROCHUSSENSTR,331,Delfshaven,7-6-2009
FT453,FT,Fietstrommel,HOOIDRIFT,13,Delfshaven,14-7-2010
FT454,FT,Fietstrommel,GR FLORISSTR,110,Delfshaven,7-6-2009
FT455,FT,Fietstrommel,ADAMSHOFSTR,naast 149,Kralingen/Crooswijk,7-6-2009
FT456,FT,Fietstrommel,SAENREDAMPLN,3,Overschie,7-6-2009
FT457,FT,Fietstrommel,NOORDSNGL,30,Noord,7-6-2009
FT458,FT,Fietstrommel,STADHOUDERSWG,117,Noord,7-6-2009
FT459,FT,Fietstrommel,MEYERSPLN ,19,Hillegersberg,7-6-2009
FT46,FT,Fietstrommel,GR FLORISSTR,64,Delfshaven,6-7-2010
FT460,FT,Fietstrommel,MATHENESSERLN,424,Delfshaven,1-2-2012
FT461,FT,Fietstrommel,MATHENESSERLN,424,Delfshaven,1-3-2011
FT462,FT,Fietstrommel,S GRAVENDYKWAL,82-84,Centrum,7-6-2009
FT463,FT,Fietstrommel,S GRAVENDYKWAL,82-84,Centrum,7-6-2009
FT464,FT,Fietstrommel,S GRAVENDYKWAL,82-84,Centrum,7-6-2009
FT465,FT,Fietstrommel,1E ST JANSHOF,15,Centrum,7-6-2009
FT466,FT,Fietstrommel,WOLPHAERTSBOCHT,347,Charlois,14-7-2010
FT467,FT,Fietstrommel,B JUNGERIUSSTR,13,Charlois,14-7-2010
FT468,FT,Fietstrommel,STATENWG,56,Noord,14-7-2010
FT469,FT,Fietstrommel,BISSCHOPSTR,33,Noord,14-7-2010
FT47,FT,Fietstrommel,MAASKD,104,Feijenoord,7-6-2009
FT470,FT,Fietstrommel,W G WITTEVEENPLN,19,Feijenoord,14-7-2010
FT471,FT,Fietstrommel,W G WITTEVEENPLN,19,Feijenoord,14-7-2010
FT472,FT,Fietstrommel,SCHIEDAMSESNGL,181,Centrum,7-6-2009
FT473,FT,Fietstrommel,KORTENAERSTR,38,Centrum,7-6-2009
FT474,FT,Fietstrommel,KORTENAERSTR,38,Centrum,7-6-2009
FT475,FT,Fietstrommel,HARINGVLIET,2,Centrum,7-6-2009
FT476,FT,Fietstrommel,HENEGOUWERLN,124,Centrum,7-6-2009
FT477,FT,Fietstrommel,AKELEISTR,24,Centrum,7-6-2009
FT478,FT,Fietstrommel,CLEYBURCHSTR,16,Noord,7-6-2009
FT479,FT,Fietstrommel,1E PYNACKERSTR,113,Noord,14-7-2010
FT48,FT,Fietstrommel,2E PIOENSTR,41-45,Feijenoord,6-7-2010
FT480,FT,Fietstrommel,TOLLENSSTR,108,Noord,14-7-2010
FT481,FT,Fietstrommel,TOLLENSSTR,96,Noord,7-6-2009
FT482,FT,Fietstrommel,SCHIEWG,7,Noord,14-7-2010
FT483,FT,Fietstrommel,CARNISSELN,55,Charlois,7-6-2009
FT484,FT,Fietstrommel,BURG MEINESZLN,79,Delfshaven,14-7-2010
FT485,FT,Fietstrommel,BARONIESTR,54,Hillegersberg,14-7-2010
FT486,FT,Fietstrommel,DORDTSELN,214,Feijenoord,14-7-2010
FT487,FT,Fietstrommel,DORDTSELN,234,Feijenoord,14-7-2010
FT488,FT,Fietstrommel,DORDTSELN,84,Feijenoord,14-7-2010
FT489,FT,Fietstrommel,NARCISSENSTR,53,Feijenoord,14-7-2010
FT49,FT,Fietstrommel,DR ZAMENHOFSTR,57,Kralingen/Crooswijk,6-7-2010
FT490,FT,Fietstrommel,DAHLIASTR,17,Feijenoord,14-7-2010
FT491,FT,Fietstrommel,PIMPERNELSTR,37,Feijenoord,14-7-2010
FT492,FT,Fietstrommel,STRUITENWG,42,Charlois,14-7-2010
FT493,FT,Fietstrommel,SCHERE,218,Charlois,14-7-2010
FT494,FT,Fietstrommel,KATEND LAGEDK,118,Charlois,17-5-2011
FT495,FT,Fietstrommel,K DE STOUTEPLN,1,Charlois,14-7-2010
FT496,FT,Fietstrommel,PR MAURITSSNGL,21,Overschie,14-7-2010
FT497,FT,Fietstrommel,PR MAURITSSNGL,21,Overschie,14-7-2010
FT498,FT,Fietstrommel,BEUKELSDK,20,Delfshaven,14-7-2010
FT499,FT,Fietstrommel,BEUKELSWG,61,Delfshaven,14-7-2010
FT5,FT,Fietstrommel,ESSENBURGSNGL,22B,Delfshaven,6-7-2010
FT50,FT,Fietstrommel,DR ZAMENHOFSTR,59,Kralingen/Crooswijk,7-6-2009
FT500,FT,Fietstrommel,BEUKELSWG,8,Delfshaven,14-7-2010
FT501,FT,Fietstrommel,ESSENBURGSTR,45,Delfshaven,14-7-2010
FT502,FT,Fietstrommel,HEEMRAADSSNGL,197,Delfshaven,14-7-2010
FT503,FT,Fietstrommel,HEEMRAADSSNGL,253,Delfshaven,14-7-2010
FT504,FT,Fietstrommel,MATHENESSERLN,256,Delfshaven,14-7-2010
FT505,FT,Fietstrommel,V CITTERSSTR,28,Delfshaven,14-7-2010
FT506,FT,Fietstrommel,J V AVENNESSTR,9,Delfshaven,14-7-2010
FT507,FT,Fietstrommel,S MULLERPLN,3,Delfshaven,14-7-2010
FT508,FT,Fietstrommel,BEUKELSDK,106,Delfshaven,14-7-2010
FT509,FT,Fietstrommel,BURG MEINESZLN,13,Delfshaven,14-7-2010
FT51,FT,Fietstrommel,MOLENVYVER,25,Hillegersberg,7-6-2009
FT510,FT,Fietstrommel,ESSENBURGSNGL,103,Delfshaven,14-7-2010
FT511,FT,Fietstrommel,MATHENESSERLN,452,Delfshaven,14-7-2010
FT512,FT,Fietstrommel,PUPILLENSTR,28,Delfshaven,14-7-2010
FT513,FT,Fietstrommel,BERGSELN,57,Noord,14-7-2010
FT514,FT,Fietstrommel,BERGSELN,238/244,Noord,14-7-2010
FT515,FT,Fietstrommel,BERGSELN,238/244,Noord,14-7-2010
FT516,FT,Fietstrommel,BESEMERSTR,10,Noord,14-7-2010
FT517,FT,Fietstrommel,A KUYPERLN,73/75,Noord,14-7-2010
FT518,FT,Fietstrommel,BERKELSELN,74,Noord,14-7-2010
FT519,FT,Fietstrommel,DELFGAAUWSTR,48,Noord,14-7-2010
FT52,FT,Fietstrommel,K VD BERGELN,34,Hillegersberg,7-6-2009
FT520,FT,Fietstrommel,G V PRINSTERERSTR,23,Noord,14-7-2010
FT521,FT,Fietstrommel,KL COOLSTR,36,Noord,14-7-2010
FT522,FT,Fietstrommel,NOBELSTR,88,Noord,14-7-2010
FT523,FT,Fietstrommel,NOBELSTR,101,Noord,14-7-2010
FT524,FT,Fietstrommel,NOLENSSTR,67,Noord,14-7-2010
FT525,FT,Fietstrommel,NOORDERHAVENKD,21,Noord,15-7-2010
FT526,FT,Fietstrommel,NOORDERHAVENKD,47,Noord,14-7-2010
FT527,FT,Fietstrommel,NOORDERHAVENKD,87,Noord,14-7-2010
FT528,FT,Fietstrommel,NOORDSNGL,33,Noord,1-2-2013
FT529,FT,Fietstrommel,UNGERPLN,12,Noord,14-7-2010
FT53,FT,Fietstrommel,PRINSENHOF,27,Centrum,7-6-2009
FT530,FT,Fietstrommel,NOORDSNGL,134,Noord,14-7-2010
FT531,FT,Fietstrommel,DE S LOHMANLN,79,Noord,14-7-2010
FT532,FT,Fietstrommel,SCHEPENSTR,56,Noord,14-7-2010
FT533,FT,Fietstrommel,SCHEPENSTR,78,Noord,14-7-2010
FT534,FT,Fietstrommel,SCHEPENSTR,93,Noord,14-7-2010
FT535,FT,Fietstrommel,SCHEPENSTR,94,Noord,14-7-2010
FT536,FT,Fietstrommel,A KUYPERLN,56,Noord,14-7-2010
FT537,FT,Fietstrommel,STATIONSSNGL,63,Noord,14-7-2010
FT538,FT,Fietstrommel,STATIONSSNGL,63,Noord,14-7-2010
FT539,FT,Fietstrommel,BESEMERSTR,10,Noord,14-7-2010
FT54,FT,Fietstrommel,PRINSENHOF,13,Centrum,7-6-2009
FT540,FT,Fietstrommel,HEEMRAADSSNGL,205,Delfshaven,14-7-2010
FT541,FT,Fietstrommel,SPOORSNGL,69,Noord,14-7-2010
FT542,FT,Fietstrommel,VIRULYPLN,11,West,14-7-2010
FT543,FT,Fietstrommel,MATHENESSERLN,346,West,14-7-2010
FT544,FT,Fietstrommel,SCHIETBAANLN,112,Centrum,15-7-2010
FT545,FT,Fietstrommel,SCHIETBAANLN,Centrum,15-7-2010
FT546,FT,Fietstrommel,HEEMRAADSSNGL,239,Delfshaven,15-7-2010
FT547,FT,Fietstrommel,PERSYNSTR,10,Delfshaven,15-7-2010
FT548,FT,Fietstrommel,MATHENESSERDK,295,Delfshaven,15-7-2010
FT549,FT,Fietstrommel,MATHENESSERDK,295,Delfshaven,15-7-2010
FT55,FT,Fietstrommel,TOMMANDERSHOF,107e,Centrum,7-6-2009
FT550,FT,Fietstrommel,MATHENESSERDK,305,Delfshaven,15-7-2010
FT551,FT,Fietstrommel,MATHENESSERDK,309,Delfshaven,15-7-2010
FT552,FT,Fietstrommel,STADHOUDERSWG,112,Noord,15-7-2010
FT553,FT,Fietstrommel,MATHENESSERLN,209,Centrum,15-7-2010
FT554,FT,Fietstrommel,2E JERICHOSTR,11,Noord,3-8-2011
FT555,FT,Fietstrommel,NOORDSNGL,26-28,Noord,15-7-2010
FT556,FT,Fietstrommel,BEUKELSWG,86,Delfshaven,15-7-2010
FT557,FT,Fietstrommel,DELFGAAUWSTR,51,Noord,15-7-2010
FT558,FT,Fietstrommel,SCHERMLN,2,Delfshaven,15-7-2010
FT559,FT,Fietstrommel,ESSENBURGSNGL,15,Delfshaven,15-7-2010
FT56,FT,Fietstrommel,GAFFELSTR,108,Centrum,6-7-2010
FT560,FT,Fietstrommel,ESSENBURGSNGL,139,Delfshaven,15-7-2010
FT561,FT,Fietstrommel,C DE VRIESELN,49,Delfshaven,15-7-2010
FT562,FT,Fietstrommel,GR FLORISSTR,98,Delfshaven,15-7-2010
FT563,FT,Fietstrommel,C DE VRIESELN,43,Delfshaven,15-7-2010
FT564,FT,Fietstrommel,S GRAVENDYKWAL,161,Delfshaven,15-7-2010
FT565,FT,Fietstrommel,SCHIETBAANLN,2,Delfshaven,15-7-2010
FT566,FT,Fietstrommel,BURG MEINESZLN,71,Delfshaven,15-7-2010
FT567,FT,Fietstrommel,BEUKELSWG,19,Delfshaven,15-7-2010
FT568,FT,Fietstrommel,BEUKELSDK,165,Delfshaven,15-7-2010
FT569,FT,Fietstrommel,ROCHUSSENSTR,285,Delfshaven,15-7-2010
FT57,FT,Fietstrommel,SCHIELN,62/64,Overschie,6-7-2010
FT570,FT,Fietstrommel,SCHIETBAANLN,6,Delfshaven,15-7-2010
FT571,FT,Fietstrommel,MATHENESSERLN,454,Delfshaven,15-7-2010
FT572,FT,Fietstrommel,HONDIUSSTR,17,Delfshaven,15-7-2010
FT573,FT,Fietstrommel,S MULLERSTR,21,Delfshaven,15-7-2010
FT574,FT,Fietstrommel,SCHERMLN,2,Delfshaven,15-7-2010
FT575,FT,Fietstrommel,V OOSTERZEESTR,4,Delfshaven,15-7-2010
FT576,FT,Fietstrommel,HEEMRAADSPLN,4,Delfshaven,15-7-2010
FT577,FT,Fietstrommel,MATHENESSERLN,230,Delfshaven,15-7-2010
FT578,FT,Fietstrommel,HEEMRAADSSNGL,326,Delfshaven,15-7-2010
FT579,FT,Fietstrommel,BEUKELSWG,81,Delfshaven,13-1-2012
FT58,FT,Fietstrommel,F BEKKERSTR,52,Charlois,7-6-2009
FT580,FT,Fietstrommel,BEUKELSDK,174,Delfshaven,15-7-2010
FT581,FT,Fietstrommel,HAVENSTR,148,Delfshaven,15-7-2010
FT582,FT,Fietstrommel,ESSENBURGSNGL,98,Delfshaven,15-7-2010
FT583,FT,Fietstrommel,SCHEPENSTR,25,Noord,15-7-2010
FT584,FT,Fietstrommel,GORDELWG,84/86,Noord,15-7-2010
FT585,FT,Fietstrommel,BERGPOLDERSTR,58/62,Noord,15-7-2010
FT586,FT,Fietstrommel,NOORDERHAVENKD,136,Noord,15-7-2010
FT587,FT,Fietstrommel,HERLAERSTR,30,Noord,15-7-2010
FT588,FT,Fietstrommel,J CATSSTR,17,Noord,15-7-2010
FT589,FT,Fietstrommel,BERGSELN,97,Noord,15-7-2010
FT59,FT,Fietstrommel,ZWARTEWAALSTR,191,Charlois,7-6-2009
FT590,FT,Fietstrommel,BANIERSTR,73,Noord,15-7-2010
FT591,FT,Fietstrommel,VROESENLN,52,Noord,15-7-2010
FT592,FT,Fietstrommel,DELFGAAUWSTR,50,Noord,15-7-2010
FT593,FT,Fietstrommel,BERGWG,258/260,Noord,15-7-2010
FT594,FT,Fietstrommel,MATHENESSERLN,244,Delfshaven,15-7-2010
FT595,FT,Fietstrommel,W BUYTEWECHSTR,169,Delfshaven,15-7-2010
FT596,FT,Fietstrommel,SCHOONDERLOOSTR,163,Delfshaven,15-7-2010
FT597,FT,Fietstrommel,PARALLELSTR,40,Overschie,15-7-2010
FT598,FT,Fietstrommel,BATAVIERENSTR,39,Centrum,15-7-2010
FT599,FT,Fietstrommel,ZEEMANSSTR,11,Centrum,15-7-2010
FT6,FT,Fietstrommel,NOBELSTR,88,Noord,7-6-2009
FT60,FT,Fietstrommel,Bibliotheek,198,Hoogvliet,6-7-2010
FT600,FT,Fietstrommel,MOERKERKESTR,90/92,Charlois,15-7-2010
FT601,FT,Fietstrommel,PARALLELSTR,4,Overschie,15-7-2010
FT603,FT,Fietstrommel,BEUKELSDK,32,Delfshaven,15-7-2010
FT604,FT,Fietstrommel,BEUKELSDK,22,Delfshaven,15-7-2010
FT605,FT,Fietstrommel,BEUKELSDK,24,Delfshaven,15-7-2010
FT606,FT,Fietstrommel,BEUKELSDK,172,Delfshaven,15-7-2010
FT607,FT,Fietstrommel,BALKENSTR,14,Delfshaven,15-7-2010
FT608,FT,Fietstrommel,BURG MEINESZLN,13,Delfshaven,15-7-2010
FT609,FT,Fietstrommel,BURG MEINESZLN,43,Delfshaven,15-7-2010
FT61,FT,Fietstrommel,DOEZASTR,2,Noord,6-7-2010
FT610,FT,Fietstrommel,BURG MEINESZLN,51,Delfshaven,15-7-2010
FT611,FT,Fietstrommel,BURG MEINESZLN,72,Delfshaven,15-7-2010
FT612,FT,Fietstrommel,A PIERSONSTR,22,Delfshaven,15-7-2010
FT613,FT,Fietstrommel,BEATRYSSTR,38,Delfshaven,15-7-2010
FT614,FT,Fietstrommel,A MILDERSSTR,73,Delfshaven,15-7-2010
FT615,FT,Fietstrommel,ESSENBURGSNGL,149,Delfshaven,15-7-2010
FT616,FT,Fietstrommel,C DE VRIESELN,83,Delfshaven,15-7-2010
FT617,FT,Fietstrommel,VOLMARYNSTR,148,Delfshaven,15-7-2010
FT618,FT,Fietstrommel,ROCHUSSENSTR,199,Delfshaven,15-7-2010
FT619,FT,Fietstrommel,ROCHUSSENSTR,335,Delfshaven,15-7-2010
FT62,FT,Fietstrommel,SCHIEKD,624,Noord,7-6-2009
FT620,FT,Fietstrommel,WATERGEUSSTR,191,Delfshaven,15-7-2010
FT621,FT,Fietstrommel,CORVERSTR,62,Delfshaven,15-7-2010
FT622,FT,Fietstrommel,MAURITSSTR,128,Centrum,15-7-2010
FT623,FT,Fietstrommel,STATENSNGL,van Goenstraat,Noord,15-7-2010
FT624,FT,Fietstrommel,SCHIETBAANLN,34,Centrum,15-7-2010
FT625,FT,Fietstrommel,STATENWG,159,Noord,15-7-2010
FT626,FT,Fietstrommel,STADHOUDERSPLN,14,Noord,15-7-2010
FT627,FT,Fietstrommels,G SCHOLTENSTR,11,Noord,15-7-2010
FT628,FT,Fietstrommel,T V POORTVLIETSTR,9,Noord,15-7-2010
FT629,FT,Fietstrommel,HOOIDRIFT,13-15,Delfshaven,15-7-2010
FT63,FT,Fietstrommel,UNGERPLN,8,Noord,7-6-2009
FT630,FT,Fietstrommel,BERGWG,127,Noord,15-7-2010
FT631,FT,Fietstrommel,BERGWG,301,Noord,15-7-2010
FT632,FT,Fietstrommel,G SCHOLTENSTR,40,Noord,15-7-2010
FT633,FT,Fietstrommel,1E PYNACKERSTR,134,Noord,15-7-2010
FT634,FT,Fietstrommel,SCHIETBAANLN,86,Delfshaven,11-1-2011
FT635,FT,Fietstrommel,SCHIEKD,109,Noord,15-7-2010
FT636,FT,Fietstrommel,OOSTERVANTSTR,3,Delfshaven,15-7-2010
FT637,FT,Fietstrommel,BEUKELSDK,80,Delfshaven,15-7-2010
FT638,FT,Fietstrommel,V OOSTERZEESTR,26,Delfshaven,15-7-2010
FT639,FT,Fietstrommels,PROVENIERSSNGL,22,Noord,15-7-2010
FT64,FT,Fietstrommel,UNGERPLN,8,Noord,7-6-2009
FT640,FT,Fietstrommel,STADHOUDERSPLN,11,Noord,15-7-2010
FT641,FT,Fietstrommel,DUYVESTEYNHOF,Overschie,29-2-2012
FT642,FT,Fietstrommel,VLIETLN,32A,Kralingen/Crooswijk,15-7-2010
FT643,FT,Fietstrommel,VLIETLN,32A,Kralingen/Crooswijk,15-7-2010
FT644,FT,Fietstrommel,TABORSTR,12,Kralingen/Crooswijk,15-7-2010
FT645,FT,Fietstrommel,HOOIDRIFT,9,Delfshaven,15-7-2010
FT646,FT,Fietstrommel,KRALINGSE PLASLN,97B,Kralingen/Crooswijk,15-7-2010
FT647,FT,Fietstrommel,PALESTINASTR,59,Kralingen/Crooswijk,15-7-2010
FT648,FT,Fietstrommel,C DE VRIESELN,96,Delfshaven,15-7-2010
FT649,FT,Fietstrommel,GR FLORISSTR,28,Delfshaven,15-7-2010
FT65,FT,Fietstrommel,CROOSWYKSESNGL,13b,Kralingen/Crooswijk,7-6-2009
FT650,FT,Fietstrommel,WERKHOEFSTR,7,Delfshaven,15-7-2010
FT651,FT,Fietstrommel,C P TIELESTR,53,Delfshaven,15-7-2010
FT652,FT,Fietstrommel,HONDIUSSTR,32,Delfshaven,15-7-2010
FT654,FT,Fietstrommel,S MULLERSTR,1,Delfshaven,16-9-2010
FT655,FT,Fietstrommel,BLOKMAKERSSTR,25,Charlois,27-4-2011
FT656,FT,Fietsentrommel,ESSENBURGSNGL,63,Delfshaven,27-4-2011
FT657,FT,Fietstrommel,GORDELWG,61,Noord,16-9-2010
FT658,FT,Fietstrommel,BERGSNGL,172,Noord,16-9-2010
FT659,FT,Fietstrommel,PARADYSLN,115,Kralingen/Crooswijk,16-9-2010
FT66,FT,Fietstrommel,CROOSWYKSESNGL,16,Kralingen/Crooswijk,10-8-2011
FT660,FT,Fietstrommel,PR MARGRIETLN,5,Hillegersberg,24-8-2010
FT661,FT,Fietstrommel,BARONIESTR,56,Hillegersberg,16-9-2010
FT662,FT,Fietstrommel,ADRIANASTR,71,Centrum,16-9-2010
FT663,FT,Fietstrommel,ROCHUSSENSTR,61,Centrum,16-9-2010
FT664,FT,Fietstrommel,WALRAVENSTR,9,Charlois,12-10-2010
FT665,FT,Fietstrommel,V DIESTSTR,38-42,Charlois,16-9-2010
FT666,FT,Fietstrommel,BOERGOENSESTR,78,Charlois,16-9-2010
FT667,FT,Fietstrommel,BOERGOENSESTR,78,Charlois,16-9-2010
FT668,FT,Fietstrommel,Dorpsweg,2,Charlois,16-12-2010
ft669,FT,Fietstrommel,PLEINWG,71,Charlois,14-6-2012
FT67,FT,Fietstrommel,CROOSWYKSESNGL,29b,Kralingen/Crooswijk,6-7-2010
ft670,FT,Fietstrommel,BEATRYSSTR,69,Delfshaven,14-6-2012
ft671,FT,Fietstrommel,BILDERDYKSTR,210,Delfshaven,14-6-2012
ft672,FT,Fietstrommel,TIDEMANSTR,to 13,Delfshaven,14-6-2012
ft673,FT,Fietstrommel,V CITTERSSTR,34,Delfshaven,18-11-2011
ft674,FT,Fietstrommel,ESSENBURGSNGL,to 127,Delfshaven,14-6-2012
ft675,FT,Fietstrommel,ESSENBURGSNGL,2,Delfshaven,14-6-2012
ft676,FT,Fietstrommel,GR FLORISSTR,110,Delfshaven,14-6-2012
ft677,FT,Fietstrommel,MATHENESSERLN,396,Delfshaven,14-6-2012
ft678,FT,Fietstrommel,MATHENESSERLN,to 450,Charlois,14-6-2012
ft679,FT,Fietstrommel,ROCHUSSENSTR,375,Delfshaven,14-6-2012
FT68,FT,Fietstrommel,CROOSWYKSESNGL,31,Kralingen/Crooswijk,7-6-2009
ft680,FT,Fietstrommel,SCHIETBAANLN,74,Delfshaven,14-6-2012
ft681,FT,Fietstrommel,SCHIETBAANLN,126,Delfshaven,14-6-2012
ft682,FT,Fietstrommel,W BUYTEWECHSTR,50,Delfshaven,14-6-2012
ft683,FT,Fietstrommel,DONKERSLOOTSTR,to 111,Feijenoord,14-6-2012
ft684,FT,Fietstrommel,W VARKENOORDSEWG,Breeweg,Feijenoord,14-6-2012
ft685,FT,Fietstrommel,BERGWG,243,Noord,14-6-2012
ft686,FT,Fietstrommel,LISPLN,hoek gordelweg,Noord,14-6-2012
ft687,FT,Fietstrommel,MOLENWATERWG,8,Noord,14-6-2012
ft688,FT,Fietstrommel,BERGSELN,to 126,Noord,14-6-2012
FT689,FT,Fietstrommel,L HILLEWG,110,Feijenoord,13-6-2012
FT69,FT,Fietstrommel,HG BOEZEM,23,Kralingen/Crooswijk,7-6-2009
FT690,FT,Fietstrommel,HEEMRAADSSNGL,246,Delfshaven,13-6-2012
FT691,FT,Fietstrommel,VAANDRIGSTR,25,Kralingen/Crooswijk,13-6-2012
FT692,FT,Fietstrommel,GORDELWG,60,Noord,13-6-2012
FT693,FT,Fietstrommel,VD HOONAARDSTR,12,Noord,13-6-2012
FT694,FT,Fietstrommel,BERGWG,203,Noord,13-6-2012
FT695,FT,Fietstrommel,KOOTSEKD,32,Hillegersberg,13-6-2012
FT696,FT,Fietstrommel,BEGONIASTR,2,Hillegersberg,13-6-2012
FT697,FT,Fietstrommel,COOLHAVEN,126,Delfshaven,13-6-2012
FT698,FT,Fietstrommel,W BUYTEWECHSTR,126,Delfshaven,13-6-2012
FT699,FT;;;BOSPOLDERSTR,11B,Delfshaven,13-6-2012
FT7,FT,Fietstrommel,NOBELSTR,88,Noord,7-6-2009
FT70,FT,Fietstrommel,C DE VRIESELN,3,Delfshaven,7-6-2009
FT700,FT,Fietstrommel,MATHENESSERDK,114,Delfshaven,13-6-2012
FT701,FT,Fietstrommel,SCHIEDAMSEWG BEN,467,Delfshaven,13-6-2012
FT702,FT,Fietstrommel,MATHENESSERLN,466,Delfshaven,13-6-2012
FT703,FT,Fietstrommel,ROCHUSSENSTR,373,Delfshaven,14-6-2012
FT704,FT,Fietstrommel,MATHENESSERLN,398,Delfshaven,14-6-2012
FT705,FT,Fietstrommel,SOETENDAALSEWG,95,Noord,14-6-2012
FT71,FT,Fietstrommel,C DE VRIESELN,3,Delfshaven,6-7-2010
FT72,FT,Fietstrommel,C DE VRIESELN,42,Delfshaven,7-6-2009
FT73,FT,Fietstrommel,C DE VRIESELN,42,Delfshaven,6-7-2010
FT74,FT,Fietstrommel,C DE VRIESELN,101,Delfshaven,7-6-2009
FT75,FT,Fietstrommel,HEEMRAADSSNGL,26,Delfshaven,6-7-2010
FT76,FT,Fietstrommel,HEEMRAADSSNGL,26,Delfshaven,7-6-2009
FT77,FT,Fietstrommel,HEEMRAADSSNGL,26,Delfshaven,6-7-2010
FT78,FT,Fietstrommel,MATHENESSERLN,228,Delfshaven,7-6-2009
FT79,FT,Fietstrommel,MATHENESSERLN,301,Delfshaven,6-7-2010
FT8,FT,Fietstrommel,BERGSNGL,80,Noord,7-6-2009
FT80,FT,Fietstrommel,MATHENESSERLN,320,Delfshaven,7-6-2009
FT81,FT,Fietstrommel,BOSPOLDERPLN,32,Delfshaven,6-7-2010
FT82,FT,Fietstrommel,PINKSTR,10,Delfshaven,6-7-2010
FT83,FT,Fietstrommel,MATHENESSERDK,87,Delfshaven,7-6-2009
FT84,FT,Fietstrommel,MATHENESSERWG,132,Delfshaven,6-7-2010
FT85,FT,Fietstrommel,D DANESTR,1,Delfshaven,7-6-2009
FT86,FT,Fietstrommel,ESSENBURGSNGL,118,Delfshaven,7-6-2009
FT87,FT,Fietstrommel,HEEMRAADSSNGL,213,Delfshaven,7-6-2009
FT88,FT,Fietstrommel,HEEMRAADSSNGL,213,Delfshaven,7-6-2009
FT89,FT,Fietstrommel,C P TIELESTR,13,Delfshaven,6-7-2010
FT9,FT,Fietstrommel,BERGSNGL,76,Noord,7-6-2009
FT90,FT,Fietstrommel,ROCHUSSENSTR,317,Delfshaven,7-6-2009
FT91,FT,Fietstrommel,VIRULYPLN,16,Delfshaven,6-7-2010
FT92,FT,Fietstrommel,VD TAKSTR,26,Feijenoord,7-6-2009
FT93,FT,Fietstrommel,PR HENDRIKKD,89,Feijenoord,6-7-2010
FT94,FT,Fietstrommel,PR HENDRIKKD,115,Feijenoord,7-6-2009
FT95,FT,Fietstrommel,PR HENDRIKKD,154,Feijenoord,7-6-2009
FT96,FT,Fietstrommel,PR HENDRIKLN,13,Feijenoord,7-6-2009
FT97,FT,Fietstrommel,DIAMANTWG,1,Hillegersberg,7-7-2010
FT98,FT,Fietstrommel,RANDWG,91,Feijenoord,7-6-2009
FT99,FT,Fietstrommel,BERGWG,265,Noord,7-6-2009
